Model,Family,NDCG@10,Recall@10,Precision@10,MRR@10,Hit@10,MAP@10,valid NDCG@10
Random,baseline,0.00782029,0.00623016,0.00742312,0.0183335,0.0710498,0.00248965,0.00786613
Pop,baseline,0.141842,0.127536,0.103181,0.266966,0.576882,0.0698828,0.122071
ItemKNN,neighbourhood,0.289355,0.252882,0.193531,0.476698,0.792153,0.173938,0.222991
UserKNN,neighbourhood,0.287725,0.252354,0.19088,0.477027,0.793213,0.172151,0.235521
EASE,linear,0.330175,0.27724,0.220785,0.532387,0.826087,0.207646,0.256809
SLIMElastic,linear,0.323546,0.275266,0.218452,0.5147,0.81018,0.203549,0.25775
BPR,latent factor,0.291194,0.255131,0.198091,0.482776,0.802757,0.171911,0.241095
NeuMF,neural,0.281552,0.237212,0.191835,0.469949,0.772004,0.168769,0.229342
FISM,neural,0.140862,0.121997,0.105514,0.266851,0.562036,0.0696245,0.120768
LightGCN,graph,0.302824,0.258374,0.204878,0.503403,0.81018,0.183436,0.243176
NGCF,graph,0.182988,0.153092,0.139767,0.31395,0.640509,0.0984638,0.153197
