model,objective,lambda,precision@10,recall@10,f1@10,hit@10,ndcg@10,mrr@10,map@10,ild@10,novelty@10,serendipity@10,avgpop@10,tailshare@10,miscalibration@10,upd@10,coverage@10,gini@10,entropy@10,gru_ndcg@10,ndcg@10_activity_low,ndcg@10_activity_medium,ndcg@10_activity_high,users_activity_low,users_activity_medium,users_activity_high,exposure_head@10,exposure_mid@10,exposure_tail@10,exposure_unseen@10,users,users_missing_list,users_short_list,users_ignored,users_without_relevant,min_rating
SLIMElastic,,,0.218452,0.275266,0.197922,0.81018,0.323546,0.5147,0.203549,0.811785,8.52727,0.1421,0.252438,0.00349947,0.655761,0.166258,0.234245,0.920238,0.699477,0.183616,0.256349,0.274893,0.439965,321,308,314,0.0477838,0.003675,1.05336e-05,0,943,0,0,0,0,
SLIMElastic,MMR,0.7,0.206999,0.264385,0.188485,0.802757,0.306541,0.504644,0.186028,0.893149,8.55963,0.133828,0.248943,0.00551432,0.481148,0.155038,0.231867,0.920635,0.698356,0.171149,0.245906,0.257068,0.417055,321,308,314,0.046791,0.00378019,1.69701e-05,0,943,0,0,0,0,
SLIMElastic,Calibrated,0.8,0.199682,0.247996,0.181264,0.782609,0.244012,0.325799,0.131382,0.838036,8.65881,0.131601,0.236708,0.0111347,0.247307,0.131608,0.269917,0.907009,0.719579,0.176537,0.174022,0.208336,0.350559,321,308,314,0.0361284,0.00497986,5.61347e-05,0,943,0,0,0,0,
SLIMElastic,PopCalibrated,0.8,0.218346,0.273897,0.19736,0.804878,0.305382,0.454625,0.18632,0.808455,8.66021,0.149205,0.235924,0.0304348,0.654096,0.0906089,0.282402,0.902834,0.725842,0.182903,0.239674,0.254383,0.422577,321,308,314,0.0333455,0.00517175,0.00011829,0,943,0,0,0,0,
SLIMElastic,xQuAD,0.5,0.217709,0.272227,0.196423,0.803818,0.321367,0.514019,0.201728,0.807298,8.65863,0.141782,0.242783,0.0663839,0.664063,0.132855,0.29132,0.907059,0.718624,0.187635,0.25272,0.271606,0.440355,321,308,314,0.0464753,0.00332312,0.000229172,0,943,0,0,0,0,
LightGCN,,,0.204878,0.258374,0.185348,0.81018,0.302824,0.503403,0.183436,0.788571,8.74498,0.143054,0.22971,0.0272534,0.758959,0.138212,0.350773,0.889556,0.739878,0.185071,0.236261,0.251379,0.421332,321,308,314,0.0403755,0.00436953,9.72986e-05,0,943,0,0,0,0,
LightGCN,MMR,0.8,0.187593,0.234101,0.168547,0.783669,0.280626,0.490368,0.165472,0.911371,8.81308,0.129162,0.223795,0.0362672,0.492955,0.118216,0.343639,0.894426,0.732985,0.169843,0.221196,0.23,0.391039,321,308,314,0.038757,0.00449236,0.000128635,0,943,0,0,0,0,
LightGCN,Calibrated,0.4,0.206257,0.259263,0.186797,0.811241,0.288205,0.448538,0.169292,0.809629,8.74053,0.143584,0.230246,0.0267232,0.522716,0.135854,0.354935,0.889097,0.740411,0.19249,0.216023,0.240782,0.408513,321,308,314,0.0386709,0.00456587,0.000101605,0,943,0,0,0,0,
LightGCN,PopCalibrated,0.9,0.191622,0.244427,0.174501,0.790032,0.266037,0.421272,0.150632,0.780952,8.95373,0.139661,0.207566,0.0839873,0.775229,0.0384562,0.416766,0.861086,0.770638,0.171774,0.20384,0.219148,0.375614,321,308,314,0.0258001,0.00556484,0.000341319,0,943,0,0,0,0,
LightGCN,xQuAD,0.5,0.197031,0.249761,0.17915,0.800636,0.29133,0.496023,0.172534,0.783414,8.92509,0.137328,0.217743,0.114952,0.767857,0.097655,0.424495,0.866715,0.761731,0.175689,0.226619,0.245634,0.402308,321,308,314,0.0387833,0.00378787,0.000429106,0,943,0,0,0,0,
